{"cameraMode":{"drawMode":0,"name":"Shaded","section":"Shading Mode"},"sceneLighting":true,"audioPlay":false,"sceneViewState":{"m_AlwaysRefresh":false,"showFog":true,"showSkybox":true,"showFlares":true,"showImageEffects":true,"showParticleSystems":true,"showVisualEffectGraphs":true,"m_FxEnabled":true},"in2DMode":false,"pivot":{"x":3.114259719848633,"y":5.608651161193848,"z":8.801553726196289},"rotation":{"x":-0.057013388723134997,"y":0.7056559920310974,"z":-0.057145439088344577,"w":-0.7039599418640137},"size":10.274798393249512,"orthographic":false}