{"cameraMode":{"drawMode":0,"name":"Shaded","section":"Shading Mode"},"sceneLighting":false,"audioPlay":false,"sceneViewState":{"m_AlwaysRefresh":false,"showFog":true,"showSkybox":false,"showFlares":true,"showImageEffects":true,"showParticleSystems":true,"showVisualEffectGraphs":true,"m_FxEnabled":true},"in2DMode":false,"pivot":{"x":0.685607373714447,"y":0.5437681674957275,"z":0.7606252431869507},"rotation":{"x":-0.08450757712125778,"y":0.8978003859519959,"z":-0.1972895711660385,"w":-0.38456666469573977},"size":0.8868844509124756,"orthographic":false}